{
  "tx": [
    0,
    1,
    2,
    3,
    4,
    5,
    6,
    7,
    8,
    9,
    10,
    11,
    12,
    13,
    14,
    15,
    16,
    17,
    18,
    19,
    20,
    21,
    22,
    23,
    24,
    25,
    26,
    27,
    28,
    29,
    30,
    31,
    32,
    33,
    34,
    35,
    36,
    37,
    38,
    39,
    40,
    41,
    42,
    43,
    44,
    45,
    46,
    47,
    48,
    49,
    50,
    51,
    52,
    53,
    54,
    55,
    56,
    57,
    58,
    59,
    60,
    61,
    62,
    63,
    64,
    65,
    66,
    67,
    68,
    69,
    70,
    71,
    72,
    73,
    74,
    75
  ],
  "tvl": [
    2000,
    2097.8614,
    2052.0491900166953,
    1925.509331547761,
    1925.509331547761,
    1787.4203766293715,
    821.3623152998338,
    826.0539152998338,
    752.4195854049011,
    752.4195854049011,
    685.0038167157213,
    749.3066167157214,
    712.8664283751463,
    672.262910880543,
    650.4196421951395,
    622.4887136322626,
    612.9693639817924,
    612.9693639817924,
    555.5625895929618,
    536.5014346847278,
    576.2696346847277,
    538.6808738977259,
    527.2778194094723,
    527.2778194094723,
    526.3835799920873,
    487.6599209515621,
    487.6599209515621,
    490.61492095156217,
    483.46212940731846,
    468.8336380409053,
    434.34393812345434,
    433.66025415921706,
    394.6822539069271,
    421.3742539069271,
    398.08987562362637,
    398.08987562362637,
    424.80287562362633,
    434.71247562362635,
    434.71247562362635,
    417.51393628127033,
    395.161594279359,
    411.564394279359,
    411.564394279359,
    396.21695776089985,
    379.67352090720067,
    379.67352090720067,
    379.67352090720067,
    379.67352090720067,
    404.23692090720067,
    408.30632090720064,
    383.4947044436858,
    383.4947044436858,
    383.4947044436858,
    292.4505357681783,
    292.4505357681783,
    292.4505357681783,
    292.4505357681783,
    315.9675357681783,
    302.03513984037664,
    318.8269398403766,
    319.0585398403766,
    342.4059398403766,
    331.8993540293864,
    315.8934362669532,
    331.2648362669532,
    331.2648362669532,
    328.7919113096385,
    336.3767113096385,
    336.3767113096385,
    316.002253482518,
    292.6637350780225,
    296.25233507802255,
    182.96028186985362,
    198.48368186985363,
    113.73113474749601,
    113.73113474749601
  ],
  "reserveA": [
    1000,
    1048.9307,
    1026.0245950083477,
    962.7546657738804,
    962.7546657738804,
    893.7101883146858,
    410.6811576499169,
    413.0269576499169,
    376.20979270245056,
    376.20979270245056,
    342.50190835786066,
    374.6533083578607,
    356.4332141875731,
    336.1314554402715,
    325.2098210975698,
    311.2443568161313,
    306.4846819908962,
    306.4846819908962,
    277.7812947964809,
    268.2507173423639,
    288.1348173423639,
    269.34043694886293,
    263.63890970473614,
    263.63890970473614,
    263.19178999604367,
    243.82996047578106,
    243.82996047578106,
    245.30746047578108,
    241.73106470365923,
    234.41681902045266,
    217.17196906172717,
    216.83012707960853,
    197.34112695346354,
    210.68712695346355,
    199.04493781181318,
    199.04493781181318,
    212.40143781181317,
    217.35623781181317,
    217.35623781181317,
    208.75696814063517,
    197.5807971396795,
    205.7821971396795,
    205.7821971396795,
    198.10847888044992,
    189.83676045360033,
    189.83676045360033,
    189.83676045360033,
    189.83676045360033,
    202.11846045360033,
    204.15316045360032,
    191.7473522218429,
    191.7473522218429,
    191.7473522218429,
    146.22526788408916,
    146.22526788408916,
    146.22526788408916,
    146.22526788408916,
    157.98376788408916,
    151.01756992018832,
    159.4134699201883,
    159.5292699201883,
    171.2029699201883,
    165.9496770146932,
    157.9467181334766,
    165.6324181334766,
    165.6324181334766,
    164.39595565481926,
    168.18835565481925,
    168.18835565481925,
    158.001126741259,
    146.33186753901126,
    148.12616753901128,
    91.48014093492681,
    99.24184093492681,
    56.86556737374801,
    56.86556737374801
  ],
  "reserveB": [
    2000,
    2097.8614,
    2144.8373,
    2286.215,
    2286.215,
    2463.3703,
    1131.9774349133925,
    1125.567510454501,
    1236.050810454501,
    1236.050810454501,
    1358.064810454501,
    1241.8402816312773,
    1305.5114816312773,
    1384.5993816312773,
    1431.2387816312773,
    1495.6513816312772,
    1518.9485816312772,
    1518.9485816312772,
    1376.6936115500464,
    1425.7528115500463,
    1327.6368839186407,
    1420.5571839186407,
    1451.3709839186406,
    1451.3709839186406,
    1448.9095241429907,
    1564.3094241429908,
    1564.3094241429908,
    1554.9156005458508,
    1577.9897005458508,
    1627.3741005458508,
    1756.9869005458509,
    1759.7652005458508,
    1934.0789005458507,
    1811.908779498746,
    1918.206679498746,
    1918.206679498746,
    1797.9227213794204,
    1757.0578721426284,
    1757.0578721426284,
    1829.6536721426285,
    1933.4595721426283,
    1856.6239915786566,
    1856.6239915786566,
    1928.7565915786568,
    2013.0507915786566,
    2013.0507915786566,
    2013.0507915786566,
    2013.0507915786566,
    1891.0727739045633,
    1872.281307868924,
    1993.780007868924,
    1993.780007868924,
    1993.780007868924,
    1520.4435022147018,
    1520.4435022147018,
    1520.4435022147018,
    1520.4435022147018,
    1407.5934189566437,
    1472.7188189566436,
    1395.374955527263,
    1394.3651093874814,
    1299.5543233181083,
    1340.8167233181084,
    1408.9586233181085,
    1343.7669776044347,
    1343.7669776044347,
    1333.7356234372348,
    1303.7500401087582,
    1303.7500401087582,
    1388.0631401087583,
    1499.0875401087583,
    1480.9824285173415,
    914.6289513447092,
    843.2937233170728,
    483.20723988372663,
    483.20723988372663
  ],
  "ratio": [
    0.5,
    0.5,
    0.47836942923752196,
    0.4211129162278615,
    0.4211129162278615,
    0.3627997740797174,
    0.3627997740797174,
    0.3669499641857446,
    0.3043643428898498,
    0.3043643428898498,
    0.25219850019030843,
    0.3016920242478504,
    0.27302189157478624,
    0.2427644125077215,
    0.22722261670893706,
    0.2080995348506035,
    0.20177423100243885,
    0.20177423100243885,
    0.20177423100243885,
    0.18814672162611956,
    0.21702833118940462,
    0.18960196745187052,
    0.18164818824813636,
    0.18164818824813636,
    0.18164818824813636,
    0.15587067156445963,
    0.15587067156445963,
    0.15776255662343747,
    0.15318925378286105,
    0.1440460548940929,
    0.12360477417006206,
    0.12321537385348416,
    0.10203364862610743,
    0.11627910264431131,
    0.10376615822431938,
    0.10376615822431938,
    0.11813713419720977,
    0.1237046549563903,
    0.1237046549563903,
    0.11409643875180427,
    0.10219029142705255,
    0.11083676504939824,
    0.11083676504939824,
    0.10271305344875128,
    0.09430301572506684,
    0.09430301572506684,
    0.09430301572506684,
    0.09430301572506684,
    0.10688031853807474,
    0.10903978990527466,
    0.0961727730567398,
    0.0961727730567398,
    0.0961727730567398,
    0.0961727730567398,
    0.0961727730567398,
    0.0961727730567398,
    0.0961727730567398,
    0.1122367906502377,
    0.10254338301127815,
    0.11424418167226714,
    0.11440996970317663,
    0.1317397563520558,
    0.12376760680909384,
    0.1121017434575267,
    0.12325977709971221,
    0.12325977709971221,
    0.12325977709971221,
    0.12900352865246245,
    0.12900352865246245,
    0.11382848674223797,
    0.09761395757341493,
    0.10001885551559518,
    0.10001885551559518,
    0.11768359966508672,
    0.11768359966508672,
    0.11768359966508672
  ],